{"ad":{"en":"Andorra","zh":"安道尔"},"ae":{"en":"United Arab Emirates","zh":"阿联酋"},"af":{"en":"Afghanistan","zh":"阿富汗"},"ag":{"en":"Antigua and Barb.","zh":"安提瓜和巴布达"},"ai":{"en":"Anguilla","zh":"安圭拉"},"al":{"en":"Albania","zh":"阿尔巴尼亚"},"am":{"en":"Armenia","zh":"亚美尼亚"},"ao":{"en":"Angola","zh":"安哥拉"},"aq":{"en":"Antarctica","zh":"南极洲"},"ar":{"en":"Argentina","zh":"阿根廷"},"as":{"en":"American Samoa","zh":"美属萨摩亚"},"Ashmore and Cartier Is.":{"en":"Ashmore and Cartier Is.","zh":"阿什莫尔和卡捷群岛"},"at":{"en":"Austria","zh":"奥地利"},"au":{"en":"Australia","zh":"澳大利亚"},"aw":{"en":"Aruba","zh":"阿鲁巴"},"ax":{"en":"Åland","zh":"奥兰"},"az":{"en":"Azerbaijan","zh":"阿塞拜疆"},"ba":{"en":"Bosnia and Herz.","zh":"波黑"},"bb":{"en":"Barbados","zh":"巴巴多斯"},"bd":{"en":"Bangladesh","zh":"孟加拉国"},"be":{"en":"Belgium","zh":"比利时"},"bf":{"en":"Burkina Faso","zh":"布基纳法索"},"bg":{"en":"Bulgaria","zh":"保加利亚"},"bh":{"en":"Bahrain","zh":"巴林"},"bi":{"en":"Burundi","zh":"布隆迪"},"bj":{"en":"Benin","zh":"贝宁"},"bl":{"en":"St-Barthélemy","zh":"圣巴泰勒米"},"bm":{"en":"Bermuda","zh":"百慕大"},"bn":{"en":"Brunei","zh":"文莱"},"bo":{"en":"Bolivia","zh":"玻利维亚"},"bq":{"en":"Bonaire, Sint Eustatius and Saba","zh":"荷兰加勒比区"},"br":{"en":"Brazil","zh":"巴西"},"bs":{"en":"Bahamas","zh":"巴哈马"},"bt":{"en":"Bhutan","zh":"不丹"},"bv":{"en":"Bouvet Island","zh":"布韦岛"},"bw":{"en":"Botswana","zh":"博茨瓦纳"},"by":{"en":"Belarus","zh":"白俄罗斯"},"bz":{"en":"Belize","zh":"伯利兹"},"ca":{"en":"Canada","zh":"加拿大"},"cc":{"en":"Cocos (Keeling) Islands","zh":"科科斯（基林）群岛"},"cd":{"en":"Dem. Rep. Congo","zh":"刚果民主共和国"},"cf":{"en":"Central African Rep.","zh":"中非"},"cg":{"en":"Congo","zh":"刚果共和国"},"ch":{"en":"Switzerland","zh":"瑞士"},"ci":{"en":"Côte d'Ivoire","zh":"科特迪瓦"},"ck":{"en":"Cook Is.","zh":"库克群岛"},"cl":{"en":"Chile","zh":"智利"},"cm":{"en":"Cameroon","zh":"喀麦隆"},"cn":{"en":"China","zh":"中国"},"co":{"en":"Colombia","zh":"哥伦比亚"},"cr":{"en":"Costa Rica","zh":"哥斯达黎加"},"cu":{"en":"Cuba","zh":"古巴"},"cv":{"en":"Cabo Verde","zh":"佛得角"},"cw":{"en":"Curaçao","zh":"库拉索"},"cx":{"en":"Christmas Island","zh":"圣诞岛"},"cy":{"en":"Cyprus","zh":"塞浦路斯"},"cz":{"en":"Czechia","zh":"捷克"},"de":{"en":"Germany","zh":"德国"},"dj":{"en":"Djibouti","zh":"吉布提"},"dk":{"en":"Denmark","zh":"丹麦"},"dm":{"en":"Dominica","zh":"多米尼克"},"do":{"en":"Dominican Rep.","zh":"多米尼加"},"dz":{"en":"Algeria","zh":"阿尔及利亚"},"ec":{"en":"Ecuador","zh":"厄瓜多尔"},"ee":{"en":"Estonia","zh":"爱沙尼亚"},"eg":{"en":"Egypt","zh":"埃及"},"eh":{"en":"W. Sahara","zh":"西撒哈拉"},"er":{"en":"Eritrea","zh":"厄立特里亚"},"es":{"en":"Spain","zh":"西班牙"},"et":{"en":"Ethiopia","zh":"埃塞俄比亚"},"fi":{"en":"Finland","zh":"芬兰"},"fj":{"en":"Fiji","zh":"斐济"},"fk":{"en":"Falkland Is.","zh":"福克兰群岛"},"fm":{"en":"Micronesia","zh":"密克罗尼西亚联邦"},"fo":{"en":"Faeroe Is.","zh":"法罗群岛"},"fr":{"en":"France","zh":"法国"},"ga":{"en":"Gabon","zh":"加蓬"},"gb":{"en":"United Kingdom","zh":"英国"},"gd":{"en":"Grenada","zh":"格林纳达"},"ge":{"en":"Georgia","zh":"格鲁吉亚"},"gf":{"en":"French Guiana","zh":"法属圭亚那"},"gg":{"en":"Guernsey","zh":"根西"},"gh":{"en":"Ghana","zh":"加纳"},"gi":{"en":"Gibraltar","zh":"直布罗陀"},"gl":{"en":"Greenland","zh":"格陵兰"},"gm":{"en":"Gambia","zh":"冈比亚"},"gn":{"en":"Guinea","zh":"几内亚"},"gp":{"en":"Guadeloupe","zh":"瓜德罗普"},"gq":{"en":"Eq. Guinea","zh":"赤道几内亚"},"gr":{"en":"Greece","zh":"希腊"},"gs":{"en":"S. Geo. and the Is.","zh":"南乔治亚和南桑威奇群岛"},"gt":{"en":"Guatemala","zh":"危地马拉"},"gu":{"en":"Guam","zh":"关岛"},"gw":{"en":"Guinea-Bissau","zh":"几内亚比绍"},"gy":{"en":"Guyana","zh":"圭亚那"},"hk":{"en":"Hong Kong","zh":"中国香港"},"hm":{"en":"Heard I. and McDonald Is.","zh":"赫德岛和麦克唐纳群岛"},"hn":{"en":"Honduras","zh":"洪都拉斯"},"hr":{"en":"Croatia","zh":"克罗地亚"},"ht":{"en":"Haiti","zh":"海地"},"hu":{"en":"Hungary","zh":"匈牙利"},"id":{"en":"Indonesia","zh":"印度尼西亚"},"ie":{"en":"Ireland","zh":"爱尔兰"},"il":{"en":"Israel","zh":"以色列"},"im":{"en":"Isle of Man","zh":"马恩岛"},"in":{"en":"India","zh":"印度"},"Indian Ocean Ter.":{"en":"Indian Ocean Ter.","zh":"澳属印度洋领地"},"io":{"en":"Br. Indian Ocean Ter.","zh":"英属印度洋领地"},"iq":{"en":"Iraq","zh":"伊拉克"},"ir":{"en":"Iran","zh":"伊朗"},"is":{"en":"Iceland","zh":"冰岛"},"it":{"en":"Italy","zh":"意大利"},"je":{"en":"Jersey","zh":"泽西"},"jm":{"en":"Jamaica","zh":"牙买加"},"jo":{"en":"Jordan","zh":"约旦"},"jp":{"en":"Japan","zh":"日本"},"ke":{"en":"Kenya","zh":"肯尼亚"},"kg":{"en":"Kyrgyzstan","zh":"吉尔吉斯斯坦"},"kh":{"en":"Cambodia","zh":"柬埔寨"},"ki":{"en":"Kiribati","zh":"基里巴斯"},"km":{"en":"Comoros","zh":"科摩罗"},"kn":{"en":"St. Kitts and Nevis","zh":"圣基茨和尼维斯"},"Kosovo":{"en":"Kosovo","zh":"科索沃"},"kp":{"en":"North Korea","zh":"朝鲜"},"kr":{"en":"South Korea","zh":"韩国"},"kw":{"en":"Kuwait","zh":"科威特"},"ky":{"en":"Cayman Is.","zh":"开曼群岛"},"kz":{"en":"Kazakhstan","zh":"哈萨克斯坦"},"la":{"en":"Laos","zh":"老挝"},"lb":{"en":"Lebanon","zh":"黎巴嫩"},"lc":{"en":"Saint Lucia","zh":"圣卢西亚"},"li":{"en":"Liechtenstein","zh":"列支敦士登"},"lk":{"en":"Sri Lanka","zh":"斯里兰卡"},"lr":{"en":"Liberia","zh":"利比里亚"},"ls":{"en":"Lesotho","zh":"莱索托"},"lt":{"en":"Lithuania","zh":"立陶宛"},"lu":{"en":"Luxembourg","zh":"卢森堡"},"lv":{"en":"Latvia","zh":"拉脱维亚"},"ly":{"en":"Libya","zh":"利比亚"},"ma":{"en":"Morocco","zh":"摩洛哥"},"mc":{"en":"Monaco","zh":"摩纳哥"},"md":{"en":"Moldova","zh":"摩尔多瓦"},"me":{"en":"Montenegro","zh":"黑山"},"mf":{"en":"St-Martin","zh":"法属圣马丁"},"mg":{"en":"Madagascar","zh":"马达加斯加"},"mh":{"en":"Marshall Is.","zh":"马绍尔群岛"},"mk":{"en":"Macedonia","zh":"北马其顿"},"ml":{"en":"Mali","zh":"马里"},"mm":{"en":"Myanmar","zh":"缅甸"},"mn":{"en":"Mongolia","zh":"蒙古"},"mo":{"en":"Macao","zh":"中国澳门"},"mp":{"en":"N. Mariana Is.","zh":"北马里亚纳群岛"},"mq":{"en":"Martinique","zh":"马提尼克"},"mr":{"en":"Mauritania","zh":"毛里塔尼亚"},"ms":{"en":"Montserrat","zh":"蒙特塞拉特"},"mt":{"en":"Malta","zh":"马耳他"},"mu":{"en":"Mauritius","zh":"毛里求斯"},"mv":{"en":"Maldives","zh":"马尔代夫"},"mw":{"en":"Malawi","zh":"马拉维"},"mx":{"en":"Mexico","zh":"墨西哥"},"my":{"en":"Malaysia","zh":"马来西亚"},"mz":{"en":"Mozambique","zh":"莫桑比克"},"N. Cyprus":{"en":"N. Cyprus","zh":"北塞浦路斯"},"na":{"en":"Namibia","zh":"纳米比亚"},"nc":{"en":"New Caledonia","zh":"新喀里多尼亚"},"ne":{"en":"Niger","zh":"尼日尔"},"nf":{"en":"Norfolk Island","zh":"诺福克岛"},"ng":{"en":"Nigeria","zh":"尼日利亚"},"ni":{"en":"Nicaragua","zh":"尼加拉瓜"},"nl":{"en":"Netherlands","zh":"荷兰"},"no":{"en":"Norway","zh":"挪威"},"np":{"en":"Nepal","zh":"尼泊尔"},"nr":{"en":"Nauru","zh":"瑙鲁"},"nu":{"en":"Niue","zh":"纽埃"},"nz":{"en":"New Zealand","zh":"新西兰"},"om":{"en":"Oman","zh":"阿曼"},"pa":{"en":"Panama","zh":"巴拿马"},"pe":{"en":"Peru","zh":"秘鲁"},"pf":{"en":"Fr. Polynesia","zh":"法属波利尼西亚"},"pg":{"en":"Papua New Guinea","zh":"巴布亚新几内亚"},"ph":{"en":"Philippines","zh":"菲律宾"},"pk":{"en":"Pakistan","zh":"巴基斯坦"},"pl":{"en":"Poland","zh":"波兰"},"pm":{"en":"St. Pierre and Miquelon","zh":"圣皮埃尔和密克隆"},"pn":{"en":"Pitcairn Is.","zh":"皮特凯恩群岛"},"pr":{"en":"Puerto Rico","zh":"波多黎各"},"ps":{"en":"Palestine","zh":"巴勒斯坦"},"pt":{"en":"Portugal","zh":"葡萄牙"},"pw":{"en":"Palau","zh":"帕劳"},"py":{"en":"Paraguay","zh":"巴拉圭"},"qa":{"en":"Qatar","zh":"卡塔尔"},"re":{"en":"Réunion","zh":"留尼汪"},"ro":{"en":"Romania","zh":"罗马尼亚"},"rs":{"en":"Serbia","zh":"塞尔维亚"},"ru":{"en":"Russia","zh":"俄罗斯"},"rw":{"en":"Rwanda","zh":"卢旺达"},"sa":{"en":"Saudi Arabia","zh":"沙特阿拉伯"},"sb":{"en":"Solomon Is.","zh":"所罗门群岛"},"sc":{"en":"Seychelles","zh":"塞舌尔"},"sd":{"en":"Sudan","zh":"苏丹"},"se":{"en":"Sweden","zh":"瑞典"},"sg":{"en":"Singapore","zh":"新加坡"},"sh":{"en":"Saint Helena","zh":"圣赫勒拿"},"si":{"en":"Slovenia","zh":"斯洛文尼亚"},"Siachen Glacier":{"en":"Siachen Glacier","zh":"锡亚琴冰川"},"sj":{"en":"Svalbard and Jan Mayen","zh":"斯瓦尔巴和扬马延"},"sk":{"en":"Slovakia","zh":"斯洛伐克"},"sl":{"en":"Sierra Leone","zh":"塞拉利昂"},"sm":{"en":"San Marino","zh":"圣马力诺"},"sn":{"en":"Senegal","zh":"塞内加尔"},"so":{"en":"Somalia","zh":"索马里"},"Somaliland":{"en":"Somaliland","zh":"索马里兰"},"sr":{"en":"Suriname","zh":"苏里南"},"ss":{"en":"S. Sudan","zh":"南苏丹"},"st":{"en":"São Tomé and Principe","zh":"圣多美和普林西比"},"sv":{"en":"El Salvador","zh":"萨尔瓦多"},"sx":{"en":"Sint Maarten","zh":"荷属圣马丁"},"sy":{"en":"Syria","zh":"叙利亚"},"sz":{"en":"eSwatini","zh":"斯威士兰"},"tc":{"en":"Turks and Caicos Is.","zh":"特克斯和凯科斯群岛"},"td":{"en":"Chad","zh":"乍得"},"tf":{"en":"Fr. S. Antarctic Lands","zh":"法属南部和南极领地"},"tg":{"en":"Togo","zh":"多哥"},"th":{"en":"Thailand","zh":"泰国"},"tj":{"en":"Tajikistan","zh":"塔吉克斯坦"},"tk":{"en":"Tokelau","zh":"托克劳"},"tl":{"en":"Timor-Leste","zh":"东帝汶"},"tm":{"en":"Turkmenistan","zh":"土库曼斯坦"},"tn":{"en":"Tunisia","zh":"突尼斯"},"to":{"en":"Tonga","zh":"汤加"},"tr":{"en":"Turkey","zh":"土耳其"},"tt":{"en":"Trinidad and Tobago","zh":"特立尼达和多巴哥"},"tv":{"en":"Tuvalu","zh":"图瓦卢"},"tw":{"en":"Taiwan","zh":"中国台湾"},"tz":{"en":"Tanzania","zh":"坦桑尼亚"},"ua":{"en":"Ukraine","zh":"乌克兰"},"ug":{"en":"Uganda","zh":"乌干达"},"um":{"en":"U.S. Minor Outlying Is.","zh":"美国本土外小岛屿"},"us":{"en":"United States of America","zh":"美国"},"uy":{"en":"Uruguay","zh":"乌拉圭"},"uz":{"en":"Uzbekistan","zh":"乌兹别克斯坦"},"va":{"en":"Vatican","zh":"梵蒂冈"},"vc":{"en":"St. Vin. and Gren.","zh":"圣文森特和格林纳丁斯"},"ve":{"en":"Venezuela","zh":"委内瑞拉"},"vg":{"en":"British Virgin Is.","zh":"英属维尔京群岛"},"vi":{"en":"U.S. Virgin Is.","zh":"美属维尔京群岛"},"vn":{"en":"Vietnam","zh":"越南"},"vu":{"en":"Vanuatu","zh":"瓦努阿图"},"wf":{"en":"Wallis and Futuna Is.","zh":"瓦利斯和富图纳"},"ws":{"en":"Samoa","zh":"萨摩亚"},"ye":{"en":"Yemen","zh":"也门"},"yt":{"en":"Mayotte","zh":"马约特"},"za":{"en":"South Africa","zh":"南非"},"zm":{"en":"Zambia","zh":"赞比亚"},"zw":{"en":"Zimbabwe","zh":"津巴布韦"}}